<?xml version="1.0" encoding="UTF-8" standalone="yes"?>
<addons>
<addon id="Logan.repository" name="LoganRepo" version="0.0.2" provider-name="EdLogan18">
	<extension point="xbmc.addon.repository" name="Demonstration Add-on Repository">
		<info compressed="false">http://raw.github.com/EdLogan18/Logan.repository/master/addons.xml</info>
		<checksum>http://raw.github.com/EdLogan18/Logan.repository/master/addons.xml.md5</checksum>
		<datadir zip="true">http://raw.github.com/EdLogan18/Logan.repository/master/repo/</datadir>
	</extension>
	<extension point="xbmc.addon.metadata">
		<summary>LoganRepo Addon</summary>
		<description>Addon Description</description>
		<disclaimer></disclaimer>
		<platform>all</platform>
	</extension>
</addon>
</addons>
